protocol,model,test_name,target_supervised,test_rows,input_dim,threshold,threshold_source,validation_domain_accuracy,best_epoch,accuracy,balanced_accuracy,precision,recall,f1,roc_auc,pr_auc,mcc,fpr,fnr
DANN_UNSW_to_ToN,DANN,ToN-IoT test,False,38095,187,0.38999999999999996,source_validation,0.5283882783882784,9,0.677359,0.436817,0.755013,0.86745,0.807336,0.35131,0.674803,-0.171201,0.993815,0.13255
DANN_ToN_to_UNSW,DANN,UNSW test,False,82332,187,0.235,source_validation,0.4793340987370838,27,0.647719,0.61363,0.616886,0.950476,0.748181,0.571063,0.553908,0.31517,0.723216,0.049524
DANN_Pooled_to_UNSW,DANN,UNSW test,True,82332,187,0.295,unsw_validation,0.4793340987370838,10,0.819001,0.799893,0.756967,0.988706,0.857454,0.968163,0.976123,0.66388,0.388919,0.011294
DANN_Pooled_to_ToN,DANN,ToN-IoT test,True,38095,187,0.31499999999999995,ton_validation,0.4800311628669838,22,0.993674,0.990954,0.996058,0.995823,0.995941,0.998997,0.999355,0.981615,0.013915,0.004177
